{
    "C": 0.003871576421374407,
    "solver": "saga",
    "l1_ratio": 0.5870093049400696
}